Name,P1,P2,P3,연차,20연봉,FA유무
손아섭,213.8666769,1491.159405,526.8797141,13,12.20607265,1
양의지,445.9548105,3490.532015,1278.756078,14,12.20607265,1
최형우,100.5132938,412.0019143,129.8548012,18,11.91839057,1
김현수,185.8309443,1185.805582,413.024319,14,11.77528973,1
이재원,593.0416988,5001.142334,1850.382036,14,11.77528973,1
민병헌,219.9783273,1610.641218,577.2077793,14,11.73606902,1
강민호,474.9042441,4024.135586,1490.265693,16,11.73606902,1
최정,365.1321153,2695.195859,975.299338,15,11.69524702,1
황재균,326.3991974,2510.58795,913.7964815,14,11.69524702,1
박용택,17.92763444,30.26263535,5.948139726,22,11.28978191,1
박석민,158.6408564,1067.631495,381.2540194,16,11.15625052,1
김재환,180.3941138,1172.949348,411.4737475,12,11.08214255,0
김재호,487.4806952,4030.849975,1476.875396,16,11.08214255,1
오지환,541.8299727,4472.978644,1638.618752,11,11.00209984,0
나지완,19.24037261,94.65605686,32.55241125,12,11.00209984,1
김하성,506.7246602,3927.554066,1426.937001,6,10.91508846,0
박민우,407.7587834,3173.744831,1145.689298,8,10.858999,0
전준우,206.8576917,1347.177918,472.5663681,12,10.81977828,0
유한준,110.2592086,535.752487,175.9346623,20,10.81977828,1
이성열,119.0375253,701.2855346,240.3859077,17,10.81977828,0
허경민,326.6911547,2570.466999,938.5647234,11,10.77895629,0
오재일,174.7698917,1093.184901,374.6085075,15,10.75790288,0
박건우,214.1624421,1441.268549,506.5781961,11,10.71441777,0
김선빈,443.1038972,3644.27926,1333.5121,12,10.71441777,0
박경수,408.9639616,3362.558753,1223.758648,17,10.59663473,1
김주찬,98.57049616,635.811657,219.5973234,20,10.59663473,0
이정후,248.2204757,1673.811128,590.0048799,3,10.57131693,0
김강민,247.4328183,1922.933974,695.2101829,19,10.46310334,0
정근우,122.6667669,919.7352796,329.6832488,15,10.46310334,1
정수빈,266.6900628,2057.501411,742.7548637,11,10.4341158,0
채은성,184.5627704,1245.930199,437.8447815,11,10.37349118,0
박해민,301.2033396,2357.987443,852.9952966,8,10.30895266,0
이원석,220.3551083,1662.459653,603.9195905,15,10.30895266,1
정의윤,86.56707446,473.9827214,160.7931809,15,10.30895266,1
모창민,99.59566209,569.0512849,191.9108984,12,10.30895266,1
이지영,342.4525887,2906.034489,1076.15373,12,10.30895266,0
오재원,191.2978039,1631.819446,597.4980623,17,10.30895266,1
안치홍,322.1786867,2544.2606,920.1904062,11,10.27505111,0
구자욱,181.6590664,1225.070132,430.8227326,8,10.23995979,0
최주환,215.3346732,1715.54339,621.9338275,14,10.20359214,0
김상수,421.5444524,3392.861566,1230.899226,11,10.1266311,1
한동민,159.478378,1072.838242,377.0637063,8,10.1266311,0
송광민,278.4334163,2255.920332,827.4043899,18,10.1266311,1
이명기,204.8693581,1472.639271,524.2994639,14,10.08580911,0
박세혁,612.2899648,5133.680009,1897.935618,8,10.05190756,0
유강남,551.8001969,4642.684827,1717.48471,9,10.04324949,0
박동원,357.9147655,2934.011896,1081.891731,11,10.02127059,0
강백호,152.3573276,885.6810163,303.1850782,2,9.952277717,0
김성현,529.3890615,4515.17264,1660.797345,14,9.952277717,0
노수광,177.6147502,1334.202264,479.0389382,7,9.952277717,0
이형종,163.4779001,1089.257109,383.5777634,12,9.903487553,0
최재훈,582.720377,4908.264393,1815.703726,12,9.903487553,0
김헌곤,166.5609586,1174.047807,417.3979794,9,9.852194258,0
윤석민,59.82803406,469.1580632,170.142272,16,9.798127037,0
고종욱,109.2546858,596.2668883,202.0984557,9,9.740968623,0
노진혁,337.793071,2756.91571,1009.666882,8,9.546812609,0
권희동,144.1389369,1022.821628,363.2513358,7,9.510444964,0
장성우,512.2898489,4374.256884,1621.180197,12,9.510444964,0
김동엽,27.06970265,146.774135,50.54786398,4,9.510444964,0
심우준,493.6135012,4145.508537,1521.74034,6,9.472704636,0
정주현,389.0506886,3290.660178,1202.100257,11,9.433483923,0
신본기,439.2213999,3737.852668,1374.445983,8,9.433483923,0
지석훈,138.3291743,1166.806875,429.7214727,17,9.433483923,1
정은원,500.0064484,4070.166311,1478.920877,2,9.392661929,0
김성욱,194.748435,1543.772216,560.0112224,8,9.392661929,0
나주환,189.9493371,1606.283695,587.3929293,17,9.392661929,0
박찬호,410.1468784,3385.703595,1241.62801,6,9.259130536,0
오선진,463.8809242,3936.823487,1447.272213,12,9.259130536,0
류지혁,270.1692622,2250.380643,823.8634415,8,9.259130536,0
김용의,74.26635719,556.7111795,197.772096,12,9.259130536,0
김혜성,390.2484103,3240.03829,1184.62692,3,9.210340372,0
이상호,146.1635062,1185.63231,430.8805488,10,9.210340372,0
채태인,51.89504245,357.3311136,125.4263413,13,9.210340372,1
오태곤,121.3106114,842.044173,294.7168082,10,9.159047078,0
김민혁,166.6840341,1198.617341,427.4935026,6,9.104979856,0
이학주,447.5663885,3713.441891,1361.321118,1,9.104979856,0
김태진,179.0015264,1353.223543,487.8991097,6,9.104979856,0
임병욱,225.3480392,1826.882729,664.4094762,6,9.082507,0
이창진,270.7653631,2105.760291,761.3111,6,9.047821442,0
한승택,387.9843541,3363.751732,1249.483321,7,8.987196821,0
최영진,137.8437502,1078.076541,391.3032537,9,8.987196821,0
박승욱,150.48616,1227.374796,445.9410487,8,8.987196821,0
장영석,181.114944,1419.505136,516.260381,11,8.9226583,0
최항,118.4579389,986.8894994,360.3177047,8,8.9226583,0
이원재,83.35721362,568.76368,199.4777547,7,8.867850063,0
최원준,124.2470548,1027.096013,376.870532,4,8.853665428,0
조용호,73.46497404,513.5332887,182.5749416,6,8.853665428,0
정훈,77.00858409,580.0898802,207.7245857,14,8.764053269,0
유민상,51.6858394,296.615388,100.7934978,8,8.699514748,0
장진혁,155.0560888,1193.116858,430.381297,4,8.665613197,0
김찬형,175.4727088,1474.841805,542.1771302,4,8.665613197,0
박계범,173.4287898,1414.122537,517.5903722,6,8.612503371,0
김규민,81.47545636,602.7632933,216.5219568,8,8.594154233,0
강로한,275.2144236,2305.802231,845.4366368,5,8.5754621,0
한동희,101.6904175,840.4468129,309.2510756,2,8.455317788,0
허일,39.34391213,269.3917515,96.03804342,9,8.318742253,0
오윤석,115.3434461,938.7440252,339.902203,6,8.29404964,0
이우성,45.02601999,320.3049544,115.055798,7,8.29404964,0
노시환,98.01070771,836.6361064,307.4101577,1,8.101677747,0
